Method,Res,totalTime
isoAlpha,x32,0.722871288
isoAlpha,x64,7.275487845
plicRDF,x32,2.085233342
plicRDF,x64,20.252167305
MULES,x32,1.619574602
MULES,x64,36.261727213
