Method,Res,totalTime
isoAlpha,x16,2.069434522
isoAlpha,x32,30.331786333
plicRDF,x16,13.789350652
plicRDF,x32,194.746059763
MULES,x16,4.97243866
MULES,x32,175.188198229
